target,workload,variant,syscalls,bytes_read,useful_bytes,logical_reads,amplification,hit_rate,wall_ms,span_fetches,span_overreads,agree_twice_suppressed,retained_bytes,items,checksum,note
fixture (just recorded),walk,uncached,15616,188632,188632,15616,1.0000,0.0000,3.8479,0,0,0,0,1562,225628E5E3E46B6D,"Complete"
fixture (just recorded),walk,page-128,6023,770944,151160,10932,5.1002,0.4688,3.6107,0,0,1562,770944,1562,225628E5E3E46B6D,"Complete"
fixture (just recorded),walk,page-256,4701,1203456,151160,10932,7.9615,0.5764,3.5081,0,0,1562,1203456,1562,225628E5E3E46B6D,"Complete"
fixture (just recorded),walk,page-512,3887,1990144,151160,10932,13.1658,0.6475,3.4665,0,0,1562,1990144,1562,225628E5E3E46B6D,"Complete"
fixture (just recorded),walk,page-1k,3220,3297280,151160,10932,21.8132,0.7073,3.4572,0,0,1562,3297280,1562,225628E5E3E46B6D,"Complete"
fixture (just recorded),walk,page-2k,2652,5431296,151160,10932,35.9308,0.7586,3.9837,0,0,1562,5431296,1562,225628E5E3E46B6D,"Complete"
fixture (just recorded),walk,page-4k,1618,6627328,151160,10932,43.8431,0.8526,3.5777,0,0,1562,6627328,1562,225628E5E3E46B6D,"Complete"
fixture (just recorded),walk,page-16k,824,11583488,151160,10932,76.6306,0.9390,3.7831,0,0,1562,10944512,1562,225628E5E3E46B6D,"Complete"
fixture (just recorded),walk,span,4459,2490112,151160,10932,16.4734,0.6071,6.6170,1556,4,1562,2446592,1562,225628E5E3E46B6D,"Complete"
fixture (just recorded),walk,hybrid-1k,3041,3634432,151160,10932,24.0436,0.7320,8.0812,1554,2,1562,3597696,1562,225628E5E3E46B6D,"Complete"
fixture (just recorded),walk,hybrid-4k,2282,5098752,151160,10932,33.7308,0.7989,7.1471,1554,2,1562,5056896,1562,225628E5E3E46B6D,"Complete"
fixture (just recorded),walk,hybrid-4k+text,1830,6096512,151160,10932,40.3315,0.8388,7.0652,1102,2,1562,5801344,1562,225628E5E3E46B6D,"Complete"
fixture (just recorded),geometry,uncached,18200,145800,145800,18200,1.0000,0.0000,2.1654,0,0,0,0,200,8A43CD7E3BF38705,"200 snapshots"
fixture (just recorded),geometry,page-128,7200,921600,145800,18200,6.3210,0.6044,1.4720,0,0,0,4608,200,8A43CD7E3BF38705,"200 snapshots"
fixture (just recorded),geometry,page-256,7200,1843200,145800,18200,12.6420,0.6044,1.3473,0,0,0,9216,200,8A43CD7E3BF38705,"200 snapshots"
fixture (just recorded),geometry,page-512,7000,3584000,145800,18200,24.5816,0.6154,1.4930,0,0,0,17920,200,8A43CD7E3BF38705,"200 snapshots"
fixture (just recorded),geometry,page-1k,6600,6758400,145800,18200,46.3539,0.6374,1.6268,0,0,0,33792,200,8A43CD7E3BF38705,"200 snapshots"
fixture (just recorded),geometry,page-2k,3800,7782400,145800,18200,53.3772,0.7912,1.3823,0,0,0,38912,200,8A43CD7E3BF38705,"200 snapshots"
fixture (just recorded),geometry,page-4k,3400,13926400,145800,18200,95.5171,0.8132,1.6071,0,0,0,69632,200,8A43CD7E3BF38705,"200 snapshots"
fixture (just recorded),geometry,page-16k,3400,45875200,145800,18200,314.6447,0.8571,2.2323,0,0,0,212992,200,8A43CD7E3BF38705,"200 snapshots"
fixture (just recorded),geometry,span,3600,4582400,145800,18200,31.4294,0.8132,1.9692,3400,200,0,21504,200,8A43CD7E3BF38705,"200 snapshots"
fixture (just recorded),geometry,hybrid-1k,3600,4761600,145800,18200,32.6584,0.8132,1.9867,3400,200,0,22400,200,8A43CD7E3BF38705,"200 snapshots"
fixture (just recorded),geometry,hybrid-4k,3600,5376000,145800,18200,36.8724,0.8132,2.2337,3400,200,0,25472,200,8A43CD7E3BF38705,"200 snapshots"
fixture (just recorded),geometry,hybrid-4k+text,3600,10342400,145800,18200,70.9355,0.8132,2.6634,3400,200,0,45184,200,8A43CD7E3BF38705,"200 snapshots"
fixture (just recorded),poll,uncached,105740,889140,889140,105740,1.0000,0.0000,2.9791,0,0,0,0,1140,5B5301CD8065A1C5,"20 snapshots"
fixture (just recorded),poll,page-128,8320,1064960,862100,102360,1.2353,0.9189,4.8975,0,0,1140,53248,1140,5B5301CD8065A1C5,"20 snapshots"
fixture (just recorded),poll,page-256,7180,1838080,862100,102360,2.1321,0.9299,5.0029,0,0,1140,91904,1140,5B5301CD8065A1C5,"20 snapshots"
fixture (just recorded),poll,page-512,5980,3061760,862100,102360,3.5515,0.9416,4.9241,0,0,1140,153088,1140,5B5301CD8065A1C5,"20 snapshots"
fixture (just recorded),poll,page-1k,4800,4915200,862100,102360,5.7014,0.9531,4.9939,0,0,1140,245760,1140,5B5301CD8065A1C5,"20 snapshots"
fixture (just recorded),poll,page-2k,3340,6840320,862100,102360,7.9345,0.9674,4.8221,0,0,1140,342016,1140,5B5301CD8065A1C5,"20 snapshots"
fixture (just recorded),poll,page-4k,2340,9584640,862100,102360,11.1178,0.9771,4.9924,0,0,1140,479232,1140,5B5301CD8065A1C5,"20 snapshots"
fixture (just recorded),poll,page-16k,1440,20643840,862100,102360,23.9460,0.9883,5.3470,0,0,1140,983040,1140,5B5301CD8065A1C5,"20 snapshots"
fixture (just recorded),poll,span,4140,2265600,862100,102360,2.6280,0.9599,5.3516,1400,20,1140,110080,1140,5B5301CD8065A1C5,"20 snapshots"
fixture (just recorded),poll,hybrid-1k,3480,4029440,862100,102360,4.6740,0.9663,5.8739,1400,20,1140,199040,1140,5B5301CD8065A1C5,"20 snapshots"
fixture (just recorded),poll,hybrid-4k,2780,7531520,862100,102360,8.7362,0.9731,6.6710,1400,20,1140,375168,1140,5B5301CD8065A1C5,"20 snapshots"
fixture (just recorded),poll,hybrid-4k+text,2780,9571840,862100,102360,11.1029,0.9731,9.0391,1400,20,1140,448000,1140,5B5301CD8065A1C5,"20 snapshots"
live pid 418440 (1562 nodes),walk,uncached,15616,188632,188632,15616,1.0000,0.0000,11.5104,0,0,0,0,1562,225628E5E3E46B6D,"Complete"
live pid 418440 (1562 nodes),walk,page-128,6023,770944,151160,10932,5.1002,0.4688,6.8625,0,0,1562,770944,1562,225628E5E3E46B6D,"Complete"
live pid 418440 (1562 nodes),walk,page-256,4701,1203456,151160,10932,7.9615,0.5764,5.8050,0,0,1562,1203456,1562,225628E5E3E46B6D,"Complete"
live pid 418440 (1562 nodes),walk,page-512,3887,1990144,151160,10932,13.1658,0.6475,5.3247,0,0,1562,1990144,1562,225628E5E3E46B6D,"Complete"
live pid 418440 (1562 nodes),walk,page-1k,3220,3297280,151160,10932,21.8132,0.7073,4.2673,0,0,1562,3297280,1562,225628E5E3E46B6D,"Complete"
live pid 418440 (1562 nodes),walk,page-2k,2652,5431296,151160,10932,35.9308,0.7586,4.1454,0,0,1562,5431296,1562,225628E5E3E46B6D,"Complete"
live pid 418440 (1562 nodes),walk,page-4k,1618,6627328,151160,10932,43.8431,0.8526,3.6565,0,0,1562,6627328,1562,225628E5E3E46B6D,"Complete"
live pid 418440 (1562 nodes),walk,page-16k,824,11583488,151160,10932,76.6306,0.9390,3.1594,0,0,1562,10944512,1562,225628E5E3E46B6D,"Complete"
live pid 418440 (1562 nodes),walk,span,4453,2486784,151160,10932,16.4513,0.6073,6.1744,1554,0,1562,2448896,1562,225628E5E3E46B6D,"Complete"
live pid 418440 (1562 nodes),walk,hybrid-1k,3039,3632384,151160,10932,24.0301,0.7320,5.5659,1554,0,1562,3598464,1562,225628E5E3E46B6D,"Complete"
live pid 418440 (1562 nodes),walk,hybrid-4k,2280,5090560,151160,10932,33.6766,0.7989,6.2813,1554,0,1562,5051520,1562,225628E5E3E46B6D,"Complete"
live pid 418440 (1562 nodes),walk,hybrid-4k+text,1828,6088320,151160,10932,40.2773,0.8388,5.6731,1102,0,1562,5798784,1562,225628E5E3E46B6D,"Complete"
live pid 418440 (1562 nodes),geometry,uncached,18200,145800,145800,18200,1.0000,0.0000,11.5473,0,0,0,0,200,8A43CD7E3BF38705,"200 snapshots"
live pid 418440 (1562 nodes),geometry,page-128,7200,921600,145800,18200,6.3210,0.6044,6.0757,0,0,0,4608,200,8A43CD7E3BF38705,"200 snapshots"
live pid 418440 (1562 nodes),geometry,page-256,7200,1843200,145800,18200,12.6420,0.6044,5.9549,0,0,0,9216,200,8A43CD7E3BF38705,"200 snapshots"
live pid 418440 (1562 nodes),geometry,page-512,7000,3584000,145800,18200,24.5816,0.6154,5.9933,0,0,0,17920,200,8A43CD7E3BF38705,"200 snapshots"
live pid 418440 (1562 nodes),geometry,page-1k,6600,6758400,145800,18200,46.3539,0.6374,6.5378,0,0,0,33792,200,8A43CD7E3BF38705,"200 snapshots"
live pid 418440 (1562 nodes),geometry,page-2k,3800,7782400,145800,18200,53.3772,0.7912,5.4627,0,0,0,38912,200,8A43CD7E3BF38705,"200 snapshots"
live pid 418440 (1562 nodes),geometry,page-4k,3400,13926400,145800,18200,95.5171,0.8132,5.5272,0,0,0,69632,200,8A43CD7E3BF38705,"200 snapshots"
live pid 418440 (1562 nodes),geometry,page-16k,3400,45875200,145800,18200,314.6447,0.8571,8.1560,0,0,0,212992,200,8A43CD7E3BF38705,"200 snapshots"
live pid 418440 (1562 nodes),geometry,span,3400,4556800,145800,18200,31.2538,0.8132,6.3339,3400,0,0,22784,200,8A43CD7E3BF38705,"200 snapshots"
live pid 418440 (1562 nodes),geometry,hybrid-1k,3400,4556800,145800,18200,31.2538,0.8132,7.2498,3400,0,0,22784,200,8A43CD7E3BF38705,"200 snapshots"
live pid 418440 (1562 nodes),geometry,hybrid-4k,3400,4556800,145800,18200,31.2538,0.8132,5.8935,3400,0,0,22784,200,8A43CD7E3BF38705,"200 snapshots"
live pid 418440 (1562 nodes),geometry,hybrid-4k+text,3400,9523200,145800,18200,65.3169,0.8132,7.2775,3400,0,0,43904,200,8A43CD7E3BF38705,"200 snapshots"
live pid 418440 (1562 nodes),poll,uncached,105740,889140,889140,105740,1.0000,0.0000,68.2387,0,0,0,0,1140,5B5301CD8065A1C5,"20 snapshots"
live pid 418440 (1562 nodes),poll,page-128,8320,1064960,862100,102360,1.2353,0.9189,10.9762,0,0,1140,53248,1140,5B5301CD8065A1C5,"20 snapshots"
live pid 418440 (1562 nodes),poll,page-256,7180,1838080,862100,102360,2.1321,0.9299,10.2502,0,0,1140,91904,1140,5B5301CD8065A1C5,"20 snapshots"
live pid 418440 (1562 nodes),poll,page-512,5980,3061760,862100,102360,3.5515,0.9416,9.8691,0,0,1140,153088,1140,5B5301CD8065A1C5,"20 snapshots"
live pid 418440 (1562 nodes),poll,page-1k,4800,4915200,862100,102360,5.7014,0.9531,10.9401,0,0,1140,245760,1140,5B5301CD8065A1C5,"20 snapshots"
live pid 418440 (1562 nodes),poll,page-2k,3340,6840320,862100,102360,7.9345,0.9674,8.1396,0,0,1140,342016,1140,5B5301CD8065A1C5,"20 snapshots"
live pid 418440 (1562 nodes),poll,page-4k,2340,9584640,862100,102360,11.1178,0.9771,7.9096,0,0,1140,479232,1140,5B5301CD8065A1C5,"20 snapshots"
live pid 418440 (1562 nodes),poll,page-16k,1440,20643840,862100,102360,23.9460,0.9883,7.8213,0,0,1140,983040,1140,5B5301CD8065A1C5,"20 snapshots"
live pid 418440 (1562 nodes),poll,span,4120,2263040,862100,102360,2.6250,0.9599,8.7424,1400,0,1140,111360,1140,5B5301CD8065A1C5,"20 snapshots"
live pid 418440 (1562 nodes),poll,hybrid-1k,3460,4008960,862100,102360,4.6502,0.9663,8.8754,1400,0,1140,199424,1140,5B5301CD8065A1C5,"20 snapshots"
live pid 418440 (1562 nodes),poll,hybrid-4k,2760,7449600,862100,102360,8.6412,0.9731,9.8269,1400,0,1140,372480,1140,5B5301CD8065A1C5,"20 snapshots"
live pid 418440 (1562 nodes),poll,hybrid-4k+text,2760,9489920,862100,102360,11.0079,0.9731,10.1683,1400,0,1140,446720,1140,5B5301CD8065A1C5,"20 snapshots"
synthetic/sequential,walk,uncached,23406,252796,252796,23406,1.0000,0.0000,1.2989,0,0,0,0,2341,109A18331F3F69BE,"Complete"
synthetic/sequential,walk,page-128,6731,861568,196628,16385,4.3817,0.6030,1.6981,0,0,2341,861568,2341,109A18331F3F69BE,"Complete"
synthetic/sequential,walk,page-256,4536,1161216,196628,16385,5.9056,0.7278,1.7264,0,0,2341,1161216,2341,109A18331F3F69BE,"Complete"
synthetic/sequential,walk,page-512,3439,1760768,196628,16385,8.9548,0.7920,1.7157,0,0,2341,1760768,2341,109A18331F3F69BE,"Complete"
synthetic/sequential,walk,page-1k,2890,2959360,196628,16385,15.0506,0.8244,1.7635,0,0,2341,2959360,2341,109A18331F3F69BE,"Complete"
synthetic/sequential,walk,page-2k,1646,3371008,196628,16385,17.1441,0.8998,1.7098,0,0,2341,3371008,2341,109A18331F3F69BE,"Complete"
synthetic/sequential,walk,page-4k,823,3371008,196628,16385,17.1441,0.9498,1.6492,0,0,2341,3371008,2341,109A18331F3F69BE,"Complete"
synthetic/sequential,walk,page-16k,210,3391488,196628,16385,17.2482,0.9874,1.5493,0,0,2341,3375104,2341,109A18331F3F69BE,"Complete"
synthetic/sequential,walk,span,4389,3409536,196628,16385,17.3400,0.7411,2.6828,2341,0,2341,3371008,2341,109A18331F3F69BE,"Complete"
synthetic/sequential,walk,hybrid-1k,2597,3408384,196628,16385,17.3342,0.8468,2.5445,2341,0,2341,3371008,2341,109A18331F3F69BE,"Complete"
synthetic/sequential,walk,hybrid-4k,2405,3408384,196628,16385,17.3342,0.8582,2.5104,2341,0,2341,3371008,2341,109A18331F3F69BE,"Complete"
synthetic/sequential,walk,hybrid-4k+text,1415,4043008,196628,16385,20.5617,0.9165,2.8454,1351,0,2341,3371008,2341,109A18331F3F69BE,"Complete"
synthetic/sequential,geometry,uncached,4200,33800,33800,4200,1.0000,0.0000,0.1784,0,0,0,0,200,A1D9323ECE377225,"200 snapshots"
synthetic/sequential,geometry,page-128,1400,179200,33800,4200,5.3018,0.6667,0.3379,0,0,0,896,200,A1D9323ECE377225,"200 snapshots"
synthetic/sequential,geometry,page-256,1200,307200,33800,4200,9.0888,0.7143,0.3485,0,0,0,1536,200,A1D9323ECE377225,"200 snapshots"
synthetic/sequential,geometry,page-512,1000,512000,33800,4200,15.1479,0.7619,0.3538,0,0,0,2560,200,A1D9323ECE377225,"200 snapshots"
synthetic/sequential,geometry,page-1k,800,819200,33800,4200,24.2367,0.8095,0.3603,0,0,0,4096,200,A1D9323ECE377225,"200 snapshots"
synthetic/sequential,geometry,page-2k,400,819200,33800,4200,24.2367,0.9048,0.3355,0,0,0,4096,200,A1D9323ECE377225,"200 snapshots"
synthetic/sequential,geometry,page-4k,400,1638400,33800,4200,48.4734,0.9048,0.4094,0,0,0,8192,200,A1D9323ECE377225,"200 snapshots"
synthetic/sequential,geometry,page-16k,400,6553600,33800,4200,193.8935,0.9048,0.6357,0,0,0,32768,200,A1D9323ECE377225,"200 snapshots"
synthetic/sequential,geometry,span,600,819200,33800,4200,24.2367,0.8571,0.4248,600,0,0,3968,200,A1D9323ECE377225,"200 snapshots"
synthetic/sequential,geometry,hybrid-1k,600,819200,33800,4200,24.2367,0.8571,0.4221,600,0,0,3968,200,A1D9323ECE377225,"200 snapshots"
synthetic/sequential,geometry,hybrid-4k,600,819200,33800,4200,24.2367,0.8571,0.4365,600,0,0,3968,200,A1D9323ECE377225,"200 snapshots"
synthetic/sequential,geometry,hybrid-4k+text,600,1689600,33800,4200,49.9882,0.8571,0.5925,600,0,0,5504,200,A1D9323ECE377225,"200 snapshots"
synthetic/sequential,poll,uncached,2480,22640,22640,2480,1.0000,0.0000,0.0962,0,0,0,0,120,EDF480D48C275DCD,"20 snapshots"
synthetic/sequential,poll,page-128,620,79360,20080,2160,3.9522,0.7182,0.1480,0,0,120,3968,120,EDF480D48C275DCD,"20 snapshots"
synthetic/sequential,poll,page-256,460,117760,20080,2160,5.8645,0.7890,0.1523,0,0,120,5888,120,EDF480D48C275DCD,"20 snapshots"
synthetic/sequential,poll,page-512,340,174080,20080,2160,8.6693,0.8440,0.1790,0,0,120,8704,120,EDF480D48C275DCD,"20 snapshots"
synthetic/sequential,poll,page-1k,220,225280,20080,2160,11.2191,0.8991,0.1808,0,0,120,11264,120,EDF480D48C275DCD,"20 snapshots"
synthetic/sequential,poll,page-2k,140,286720,20080,2160,14.2789,0.9358,0.1765,0,0,120,14336,120,EDF480D48C275DCD,"20 snapshots"
synthetic/sequential,poll,page-4k,100,409600,20080,2160,20.3984,0.9541,0.1830,0,0,120,20480,120,EDF480D48C275DCD,"20 snapshots"
synthetic/sequential,poll,page-16k,60,983040,20080,2160,48.9562,0.9722,0.2008,0,0,120,49152,120,EDF480D48C275DCD,"20 snapshots"
synthetic/sequential,poll,span,240,176640,20080,2160,8.7968,0.8909,0.2235,120,0,120,8704,120,EDF480D48C275DCD,"20 snapshots"
synthetic/sequential,poll,hybrid-1k,160,202240,20080,2160,10.0717,0.9273,0.2318,120,0,120,9984,120,EDF480D48C275DCD,"20 snapshots"
synthetic/sequential,poll,hybrid-4k,160,325120,20080,2160,16.1912,0.9273,0.2722,120,0,120,16128,120,EDF480D48C275DCD,"20 snapshots"
synthetic/sequential,poll,hybrid-4k+text,120,386560,20080,2160,19.2510,0.9455,0.2713,80,0,120,17536,120,EDF480D48C275DCD,"20 snapshots"
synthetic/clustered,walk,uncached,23406,252796,252796,23406,1.0000,0.0000,1.3893,0,0,0,0,2341,3ADF6BB62FBE3646,"Complete"
synthetic/clustered,walk,page-128,6743,863104,196628,16385,4.3895,0.6033,2.1692,0,0,2341,863104,2341,3ADF6BB62FBE3646,"Complete"
synthetic/clustered,walk,page-256,4545,1163520,196628,16385,5.9174,0.7277,1.8609,0,0,2341,1163520,2341,3ADF6BB62FBE3646,"Complete"
synthetic/clustered,walk,page-512,3459,1771008,196628,16385,9.0069,0.7908,2.1243,0,0,2341,1771008,2341,3ADF6BB62FBE3646,"Complete"
synthetic/clustered,walk,page-1k,2912,2981888,196628,16385,15.1651,0.8231,1.8799,0,0,2341,2981888,2341,3ADF6BB62FBE3646,"Complete"
synthetic/clustered,walk,page-2k,1654,3387392,196628,16385,17.2274,0.8993,1.7755,0,0,2341,3387392,2341,3ADF6BB62FBE3646,"Complete"
synthetic/clustered,walk,page-4k,831,3403776,196628,16385,17.3107,0.9494,1.7243,0,0,2341,3403776,2341,3ADF6BB62FBE3646,"Complete"
synthetic/clustered,walk,page-16k,249,3637248,196628,16385,18.4981,0.9870,1.6914,0,0,2341,3489792,2341,3ADF6BB62FBE3646,"Complete"
synthetic/clustered,walk,span,4402,3411712,196628,16385,17.3511,0.7410,2.7504,2341,0,2341,3371776,2341,3ADF6BB62FBE3646,"Complete"
synthetic/clustered,walk,hybrid-1k,2611,3421440,196628,16385,17.4006,0.8464,2.5943,2341,0,2341,3378176,2341,3ADF6BB62FBE3646,"Complete"
synthetic/clustered,walk,hybrid-4k,2405,3451520,196628,16385,17.5536,0.8585,2.3952,2325,0,2341,3403264,2341,3ADF6BB62FBE3646,"Complete"
synthetic/clustered,walk,hybrid-4k+text,1446,4148352,196628,16385,21.0975,0.9149,2.4944,1367,0,2341,3403520,2341,3ADF6BB62FBE3646,"Complete"
synthetic/clustered,geometry,uncached,3200,25800,25800,3200,1.0000,0.0000,0.1170,0,0,0,0,200,94F70872B0D1C6E5,"200 snapshots"
synthetic/clustered,geometry,page-128,1000,128000,25800,3200,4.9612,0.6875,0.2130,0,0,0,640,200,94F70872B0D1C6E5,"200 snapshots"
synthetic/clustered,geometry,page-256,800,204800,25800,3200,7.9380,0.7500,0.2190,0,0,0,1024,200,94F70872B0D1C6E5,"200 snapshots"
synthetic/clustered,geometry,page-512,800,409600,25800,3200,15.8760,0.7500,0.2318,0,0,0,2048,200,94F70872B0D1C6E5,"200 snapshots"
synthetic/clustered,geometry,page-1k,600,614400,25800,3200,23.8140,0.8125,0.2323,0,0,0,3072,200,94F70872B0D1C6E5,"200 snapshots"
synthetic/clustered,geometry,page-2k,400,819200,25800,3200,31.7519,0.8750,0.2496,0,0,0,4096,200,94F70872B0D1C6E5,"200 snapshots"
synthetic/clustered,geometry,page-4k,400,1638400,25800,3200,63.5039,0.8750,0.2841,0,0,0,8192,200,94F70872B0D1C6E5,"200 snapshots"
synthetic/clustered,geometry,page-16k,400,6553600,25800,3200,254.0155,0.8750,0.4495,0,0,0,32768,200,94F70872B0D1C6E5,"200 snapshots"
synthetic/clustered,geometry,span,400,537600,25800,3200,20.8372,0.8750,0.3152,400,0,0,2688,200,94F70872B0D1C6E5,"200 snapshots"
synthetic/clustered,geometry,hybrid-1k,400,537600,25800,3200,20.8372,0.8750,0.3199,400,0,0,2688,200,94F70872B0D1C6E5,"200 snapshots"
synthetic/clustered,geometry,hybrid-4k,400,537600,25800,3200,20.8372,0.8750,0.3312,400,0,0,2688,200,94F70872B0D1C6E5,"200 snapshots"
synthetic/clustered,geometry,hybrid-4k+text,400,1126400,25800,3200,43.6589,0.8750,0.3946,400,0,0,4096,200,94F70872B0D1C6E5,"200 snapshots"
synthetic/clustered,poll,uncached,2120,19340,19340,2120,1.0000,0.0000,0.0798,0,0,0,0,100,45638D00012EEDF5,"20 snapshots"
synthetic/clustered,poll,page-128,620,79360,17260,1860,4.5979,0.6737,0.1256,0,0,100,3968,100,45638D00012EEDF5,"20 snapshots"
synthetic/clustered,poll,page-256,480,122880,17260,1860,7.1194,0.7447,0.1288,0,0,100,6144,100,45638D00012EEDF5,"20 snapshots"
synthetic/clustered,poll,page-512,360,184320,17260,1860,10.6790,0.8065,0.1299,0,0,100,9216,100,45638D00012EEDF5,"20 snapshots"
synthetic/clustered,poll,page-1k,220,225280,17260,1860,13.0521,0.8817,0.1246,0,0,100,11264,100,45638D00012EEDF5,"20 snapshots"
synthetic/clustered,poll,page-2k,140,286720,17260,1860,16.6118,0.9247,0.1233,0,0,100,14336,100,45638D00012EEDF5,"20 snapshots"
synthetic/clustered,poll,page-4k,100,409600,17260,1860,23.7312,0.9462,0.1263,0,0,100,20480,100,45638D00012EEDF5,"20 snapshots"
synthetic/clustered,poll,page-16k,160,1638400,17260,1860,94.9247,0.9570,0.1636,0,0,100,65536,100,45638D00012EEDF5,"20 snapshots"
synthetic/clustered,poll,span,280,209920,17260,1860,12.1622,0.8526,0.1617,140,0,100,10240,100,45638D00012EEDF5,"20 snapshots"
synthetic/clustered,poll,hybrid-1k,180,230400,17260,1860,13.3488,0.9053,0.1631,140,0,100,11392,100,45638D00012EEDF5,"20 snapshots"
synthetic/clustered,poll,hybrid-4k,180,353280,17260,1860,20.4681,0.9053,0.1886,140,0,100,17536,100,45638D00012EEDF5,"20 snapshots"
synthetic/clustered,poll,hybrid-4k+text,140,442880,17260,1860,25.6593,0.9263,0.1795,100,0,100,18944,100,45638D00012EEDF5,"20 snapshots"
synthetic/scattered,walk,uncached,23406,252796,252796,23406,1.0000,0.0000,1.2789,0,0,0,0,2341,02D5BBFDFAC2AB11,"Complete"
synthetic/scattered,walk,page-128,6936,887808,196628,16385,4.5152,0.5916,1.8326,0,0,2341,887808,2341,02D5BBFDFAC2AB11,"Complete"
synthetic/scattered,walk,page-256,4606,1179136,196628,16385,5.9968,0.7240,1.8751,0,0,2341,1179136,2341,02D5BBFDFAC2AB11,"Complete"
synthetic/scattered,walk,page-512,3711,1900032,196628,16385,9.6631,0.7759,1.9247,0,0,2341,1900032,2341,02D5BBFDFAC2AB11,"Complete"
synthetic/scattered,walk,page-1k,3207,3283968,196628,16385,16.7014,0.8054,1.9340,0,0,2341,3283968,2341,02D5BBFDFAC2AB11,"Complete"
synthetic/scattered,walk,page-2k,1772,3629056,196628,16385,18.4565,0.8922,1.7995,0,0,2341,3629056,2341,02D5BBFDFAC2AB11,"Complete"
synthetic/scattered,walk,page-4k,946,3874816,196628,16385,19.7063,0.9424,1.8182,0,0,2341,3874816,2341,02D5BBFDFAC2AB11,"Complete"
synthetic/scattered,walk,page-16k,960,7716864,196628,16385,39.2460,0.9812,1.7992,0,0,2341,5046272,2341,02D5BBFDFAC2AB11,"Complete"
synthetic/scattered,walk,span,4577,3428096,196628,16385,17.4344,0.7305,2.8170,2341,0,2341,3383552,2341,02D5BBFDFAC2AB11,"Complete"
synthetic/scattered,walk,hybrid-1k,2860,3667968,196628,16385,18.6544,0.8316,3.2903,2341,0,2341,3501056,2341,02D5BBFDFAC2AB11,"Complete"
synthetic/scattered,walk,hybrid-4k,2381,4094336,196628,16385,20.8228,0.8598,2.8624,2051,0,2341,3849856,2341,02D5BBFDFAC2AB11,"Complete"
synthetic/scattered,walk,hybrid-4k+text,1651,4927744,196628,16385,25.0613,0.9028,3.0585,1399,0,2341,3801984,2341,02D5BBFDFAC2AB11,"Complete"
synthetic/scattered,geometry,uncached,4200,33800,33800,4200,1.0000,0.0000,0.1340,0,0,0,0,200,7A4F75D02EFE0965,"200 snapshots"
synthetic/scattered,geometry,page-128,1200,153600,33800,4200,4.5444,0.7143,0.2551,0,0,0,768,200,7A4F75D02EFE0965,"200 snapshots"
synthetic/scattered,geometry,page-256,1200,307200,33800,4200,9.0888,0.7143,0.2724,0,0,0,1536,200,7A4F75D02EFE0965,"200 snapshots"
synthetic/scattered,geometry,page-512,1000,512000,33800,4200,15.1479,0.7619,0.2893,0,0,0,2560,200,7A4F75D02EFE0965,"200 snapshots"
synthetic/scattered,geometry,page-1k,1000,1024000,33800,4200,30.2959,0.7619,0.3090,0,0,0,5120,200,7A4F75D02EFE0965,"200 snapshots"
synthetic/scattered,geometry,page-2k,800,1638400,33800,4200,48.4734,0.8095,0.3091,0,0,0,8192,200,7A4F75D02EFE0965,"200 snapshots"
synthetic/scattered,geometry,page-4k,600,2457600,33800,4200,72.7101,0.8571,0.3485,0,0,0,12288,200,7A4F75D02EFE0965,"200 snapshots"
synthetic/scattered,geometry,page-16k,1400,13107200,33800,4200,387.7870,0.8571,0.5905,0,0,0,49152,200,7A4F75D02EFE0965,"200 snapshots"
synthetic/scattered,geometry,span,600,793600,33800,4200,23.4793,0.8571,0.4001,600,0,0,3968,200,7A4F75D02EFE0965,"200 snapshots"
synthetic/scattered,geometry,hybrid-1k,600,793600,33800,4200,23.4793,0.8571,0.4327,600,0,0,3968,200,7A4F75D02EFE0965,"200 snapshots"
synthetic/scattered,geometry,hybrid-4k,600,793600,33800,4200,23.4793,0.8571,0.3993,600,0,0,3968,200,7A4F75D02EFE0965,"200 snapshots"
synthetic/scattered,geometry,hybrid-4k+text,600,1689600,33800,4200,49.9882,0.8571,0.5811,600,0,0,8448,200,7A4F75D02EFE0965,"200 snapshots"
synthetic/scattered,poll,uncached,2380,21840,21840,2380,1.0000,0.0000,0.0951,0,0,0,0,120,59690E40298DF725,"20 snapshots"
synthetic/scattered,poll,page-128,840,107520,19280,2060,5.5768,0.6000,0.1515,0,0,120,5376,120,59690E40298DF725,"20 snapshots"
synthetic/scattered,poll,page-256,680,174080,19280,2060,9.0290,0.6699,0.1575,0,0,120,8704,120,59690E40298DF725,"20 snapshots"
synthetic/scattered,poll,page-512,640,327680,19280,2060,16.9959,0.6893,0.1661,0,0,120,16384,120,59690E40298DF725,"20 snapshots"
synthetic/scattered,poll,page-1k,580,593920,19280,2060,30.8050,0.7184,0.2113,0,0,120,29696,120,59690E40298DF725,"20 snapshots"
synthetic/scattered,poll,page-2k,500,1024000,19280,2060,53.1120,0.7573,0.2441,0,0,120,51200,120,59690E40298DF725,"20 snapshots"
synthetic/scattered,poll,page-4k,480,1966080,19280,2060,101.9751,0.7670,0.3062,0,0,120,98304,120,59690E40298DF725,"20 snapshots"
synthetic/scattered,poll,page-16k,1520,12124160,19280,2060,628.8465,0.7670,0.5917,0,0,120,393216,120,59690E40298DF725,"20 snapshots"
synthetic/scattered,poll,span,520,243200,19280,2060,12.6141,0.7524,0.2412,140,0,120,11904,120,59690E40298DF725,"20 snapshots"
synthetic/scattered,poll,hybrid-1k,480,537600,19280,2060,27.8838,0.7714,0.3167,140,0,120,26880,120,59690E40298DF725,"20 snapshots"
synthetic/scattered,poll,hybrid-4k,480,1582080,19280,2060,82.0581,0.7714,0.4347,140,0,120,79104,120,59690E40298DF725,"20 snapshots"
synthetic/scattered,poll,hybrid-4k+text,480,1786880,19280,2060,92.6805,0.7714,0.5608,140,0,120,89344,120,59690E40298DF725,"20 snapshots"
